trade_date,002415.SZ,159920.SZ,300059.SZ,300750.SZ,510050.SH,510300.SH,510500.SH,511010.SH,513030.SH,513300.SH,513500.SH,513520.SH,518880.SH,600519.SH,688981.SH,019547.SH
2023/1/3,34.29,1.127,19.27,389.64,2.651,3.949,5.97,129.067,1.028,1.007,1.25,1.028,3.987,1730.01,41.54,99.273
2023/1/4,33.92,1.161,19.35,384.01,2.66,3.954,5.968,129.288,1.034,1.005,1.245,1.019,4.002,1725.01,41.92,99.697
2023/1/5,34.35,1.176,20.37,407.51,2.71,4.029,6.027,129.221,1.051,1.008,1.246,1.016,4.001,1801,41.87,99.764
2023/1/6,33.75,1.17,20.37,416.66,2.725,4.045,6.04,128.957,1.042,1.001,1.238,1.015,3.972,1803.77,41.68,99.646
2023/1/9,33.07,1.179,21.07,416.6,2.75,4.07,6.052,128.96,1.059,1.012,1.254,1.024,4.015,1841.2,41.53,99.575
2023/1/10,33.34,1.176,21,432,2.742,4.076,6.067,128.885,1.067,1.008,1.248,1.021,4.013,1854.45,41.56,99.432
2023/1/11,32.89,1.182,20.91,427.86,2.748,4.076,6.039,128.75,1.083,1.01,1.256,1.029,4.025,1844.95,41.18,99.332
2023/1/12,32.66,1.172,21.1,433.5,2.754,4.082,6.033,128.785,1.088,1.017,1.264,1.028,4.019,1834,40.82,99.488
2023/1/13,33.64,1.19,21.75,439.5,2.799,4.144,6.084,128.813,1.099,1.014,1.261,1.027,4.027,1887,41.3,99.457
2023/1/16,34.67,1.177,22.52,446.63,2.847,4.143,6.143,128.71,1.096,1.013,1.262,1.023,4.05,1912.9,41.92,99.018
2023/1/17,34.75,1.18,22.8,445.61,2.838,4.139,6.151,128.719,1.1,1.011,1.267,1.037,4.066,1908,42.1,99.129
2023/1/18,35.16,1.185,22.67,448.5,2.819,4.13,6.175,128.7,1.108,1.014,1.273,1.047,4.056,1893,42,99.092
2023/1/19,36.79,1.188,23.34,446.77,2.829,4.158,6.232,128.729,1.098,1.003,1.248,1.048,4.068,1880.21,42.5,99.133
2023/1/20,36.73,1.205,23.23,452,2.848,4.181,6.277,128.854,1.101,1.012,1.25,1.05,4.101,1860.01,42.59,99.278
2023/1/30,37.05,1.212,22.9,470.65,2.849,4.205,6.298,128.854,1.1,1.042,1.284,1.068,4.096,1888,42.37,99.231
2023/1/31,35.85,1.182,22.49,465.2,2.819,4.159,6.303,128.838,1.095,1.026,1.273,1.058,4.069,1845.76,41.86,99.323
2023/2/1,36.25,1.2,23.36,476.8,2.83,4.19,6.375,128.887,1.106,1.037,1.29,1.06,4.091,1844.97,43.46,99.333
2023/2/2,36.39,1.198,22.7,466.1,2.824,4.18,6.385,128.972,1.124,1.062,1.303,1.07,4.125,1836.11,43.42,99.383
2023/2/3,36.7,1.177,22.58,456.2,2.783,4.137,6.357,129.018,1.135,1.075,1.314,1.078,4.071,1818,43.33,99.478
2023/2/6,36.52,1.156,21.92,450.6,2.739,4.08,6.328,128.956,1.12,1.072,1.309,1.066,4.018,1795,43,99.545
2023/2/7,37.26,1.164,22.1,448.1,2.747,4.09,6.331,128.975,1.113,1.072,1.311,1.061,4.01,1797,43.18,99.5
2023/2/8,36.9,1.164,21.73,447.21,2.74,4.073,6.285,129.018,1.118,1.09,1.325,1.068,4.01,1784,42.62,99.446
2023/2/9,37.73,1.181,22.25,452.99,2.769,4.127,6.376,129.028,1.125,1.079,1.32,1.068,4.019,1818,43.6,99.457
2023/2/10,36.7,1.163,21.97,445.95,2.757,4.103,6.356,129.079,1.12,1.063,1.302,1.069,3.993,1810,43.07,99.493
2023/2/13,36.6,1.164,22.18,460,2.775,4.135,6.394,129.089,1.109,1.058,1.309,1.062,4.018,1856.35,42.98,99.496
2023/2/14,36.18,1.164,22.04,451.05,2.786,4.144,6.411,129.093,1.12,1.076,1.326,1.066,4.015,1843.79,43.03,99.5
2023/2/15,36.18,1.149,21.66,448.6,2.76,4.116,6.399,129.099,1.117,1.078,1.323,1.056,4.002,1841,42.86,99.517
2023/2/16,37.39,1.163,21.55,443.2,2.75,4.087,6.314,129.087,1.137,1.099,1.338,1.061,4.001,1861.82,41.98,99.588
2023/2/17,36.51,1.15,20.95,420.19,2.721,4.029,6.26,129.102,1.125,1.07,1.316,1.05,3.992,1820.78,41.81,99.62
2023/2/20,38.7,1.16,21.99,420.47,2.798,4.134,6.358,129.008,1.14,1.071,1.317,1.054,4.01,1875,42.26,99.493
2023/2/21,38.76,1.144,22.13,415.01,2.812,4.139,6.395,128.967,1.132,1.068,1.313,1.051,4.005,1867,42.35,99.502
2023/2/22,38.17,1.138,21.75,409.47,2.775,4.099,6.389,128.992,1.119,1.051,1.298,1.04,4.017,1836,42.3,99.597
2023/2/23,37.74,1.133,21.8,413.23,2.774,4.099,6.378,128.99,1.128,1.058,1.3,1.039,4.008,1818,42.16,99.646
2023/2/24,37.68,1.124,20.9,405.4,2.736,4.06,6.364,128.993,1.135,1.061,1.307,1.058,4.021,1788,41.97,99.614
2023/2/27,37.22,1.121,20.63,401.1,2.733,4.045,6.331,128.972,1.113,1.055,1.301,1.052,4.01,1810.41,41.63,99.358
2023/2/28,38.38,1.118,20.92,403.9,2.746,4.071,6.372,128.954,1.125,1.057,1.301,1.05,4.015,1813.74,42.02,99.519
2023/3/1,39.81,1.15,21.28,411.78,2.777,4.12,6.411,128.963,1.126,1.053,1.291,1.049,4.029,1838.53,42.37,99.501
2023/3/2,39.4,1.144,21.07,400.8,2.776,4.115,6.404,128.991,1.114,1.037,1.278,1.042,4.026,1828,42.46,99.479
2023/3/3,39.37,1.155,21.35,402.32,2.779,4.124,6.401,128.974,1.122,1.049,1.292,1.057,4.044,1818.04,43.32,99.481
2023/3/6,39.9,1.156,20.96,408.42,2.749,4.099,6.403,129.063,1.144,1.075,1.316,1.076,4.071,1807.14,43.4,99.562
2023/3/7,38.92,1.15,20.06,402.2,2.718,4.042,6.303,129.163,1.157,1.078,1.32,1.081,4.076,1788.3,42.73,99.664
2023/3/8,39,1.132,20.14,397.73,2.697,4.026,6.313,129.232,1.136,1.067,1.304,1.077,4.033,1770.42,42.84,99.704
2023/3/9,38.32,1.13,20,397.01,2.678,4.016,6.306,129.251,1.144,1.074,1.307,1.092,4.033,1770.02,43.27,99.881
2023/3/10,37.81,1.092,19.88,405.79,2.642,3.961,6.226,129.3,1.129,1.048,1.275,1.078,4.061,1750,43,100.101
2023/3/13,39.21,1.1,20.1,392,2.669,4.005,6.261,129.295,1.141,1.052,1.277,1.068,4.089,1762,43.6,99.986
2023/3/14,38.9,1.067,19.97,387.23,2.651,3.98,6.21,129.338,1.093,1.036,1.251,1.047,4.142,1766,48.01,100.077
2023/3/15,39.08,1.086,20.01,388,2.652,3.979,6.242,129.307,1.121,1.062,1.272,1.05,4.139,1750.92,48.88,100.149
2023/3/16,38.01,1.069,19.72,385.11,2.627,3.933,6.165,129.366,1.096,1.067,1.264,1.051,4.174,1751.99,49.31,100.387
2023/3/17,40.35,1.081,20.31,375.98,2.637,3.954,6.201,129.436,1.095,1.097,1.281,1.06,4.198,1742,52.57,100.706
2023/3/20,41.26,1.053,19.98,379.95,2.62,3.932,6.182,129.521,1.065,1.086,1.259,1.057,4.327,1729.6,51.81,100.864
2023/3/21,41,1.074,20.18,393.78,2.647,3.975,6.247,129.459,1.102,1.096,1.281,1.064,4.286,1775,52.11,100.735
2023/3/22,42.8,1.094,19,399.2,2.656,3.993,6.281,129.453,1.126,1.114,1.295,1.074,4.223,1773.35,52.3,100.763
2023/3/23,44.8,1.104,19.55,398.38,2.673,4.031,6.316,129.427,1.126,1.101,1.274,1.072,4.253,1774.86,52.32,100.686
2023/3/24,44.6,1.102,20.24,393.58,2.66,4.026,6.324,129.373,1.122,1.109,1.276,1.084,4.275,1778.62,50.8,100.514
2023/3/27,43.61,1.1,20.62,396.5,2.643,4.005,6.321,129.383,1.119,1.12,1.292,1.082,4.246,1767.79,49.5,100.729
2023/3/28,42.45,1.104,19.93,392.6,2.644,3.997,6.305,129.407,1.128,1.11,1.291,1.082,4.225,1781.8,49.1,100.83
2023/3/29,42.8,1.127,19.97,400.18,2.64,3.997,6.279,129.435,1.133,1.112,1.296,1.091,4.24,1790,49.36,100.76
2023/3/30,41.6,1.131,20.04,400.11,2.672,4.04,6.312,129.47,1.144,1.124,1.305,1.091,4.248,1800,49.08,100.732
2023/3/31,42.66,1.136,20.03,406.05,2.669,4.05,6.359,129.48,1.155,1.133,1.308,1.094,4.281,1820,50.11,100.735
2023/4/3,42.43,1.135,22.89,398.71,2.672,4.08,6.423,129.47,1.156,1.145,1.326,1.101,4.221,1802.07,54.58,100.644
2023/4/4,44.91,1.135,22.7,388,2.682,4.1,6.427,129.514,1.167,1.147,1.334,1.107,4.269,1814.59,56.66,100.667
2023/4/6,43.86,1.128,22.03,388.02,2.67,4.088,6.426,129.554,1.162,1.132,1.321,1.088,4.33,1796.96,59.07,100.661
2023/4/7,45.58,1.144,22.45,390.51,2.689,4.117,6.475,129.587,1.167,1.141,1.326,1.088,4.328,1790.99,59.9,100.746
2023/4/10,45.05,1.141,21.78,402.01,2.69,4.102,6.432,129.697,1.162,1.135,1.325,1.087,4.287,1771.7,60,100.845
2023/4/11,44.38,1.139,21.76,399.95,2.684,4.092,6.431,129.742,1.173,1.137,1.332,1.095,4.311,1745.5,58.43,100.976
2023/4/12,46.37,1.134,22.17,392.01,2.669,4.088,6.453,129.775,1.172,1.126,1.33,1.095,4.341,1694.1,59.3,101.151
2023/4/13,45.2,1.126,21.57,388.26,2.673,4.063,6.425,129.746,1.18,1.121,1.325,1.096,4.346,1723,58,101.111
2023/4/14,44.56,1.133,21.59,397.29,2.684,4.084,6.44,129.711,1.19,1.13,1.332,1.11,4.366,1713.42,62.26,101.136
2023/4/17,43.95,1.154,21.83,407.88,2.738,4.145,6.472,129.683,1.19,1.135,1.339,1.107,4.324,1753,63,101.094
2023/4/18,43.54,1.145,18.03,409,2.748,4.152,6.459,129.736,1.187,1.134,1.341,1.112,4.305,1758,60.9,101.15
2023/4/19,43.16,1.138,17.69,410.37,2.724,4.119,6.429,129.812,1.193,1.13,1.341,1.108,4.297,1759,62.21,101.229
2023/4/20,41.62,1.14,17.97,396,2.706,4.103,6.422,129.792,1.194,1.129,1.34,1.112,4.308,1741.88,66.48,101.227
2023/4/21,39.72,1.121,17.03,404.99,2.659,4.03,6.269,129.851,1.183,1.123,1.336,1.115,4.288,1725.47,62.8,101.353
2023/4/24,39.25,1.107,16,396.88,2.623,3.979,6.227,129.884,1.193,1.122,1.334,1.115,4.277,1705,63.05,101.54
2023/4/25,37.45,1.101,16.08,385.9,2.622,3.96,6.133,129.894,1.206,1.123,1.339,1.117,4.316,1730.38,61.37,101.628
2023/4/26,37.1,1.111,15.86,224.5,2.619,3.951,6.159,129.895,1.2,1.122,1.33,1.112,4.323,1743.91,58.16,101.838
2023/4/27,37.9,1.112,15.68,231,2.656,3.986,6.185,130.078,1.198,1.125,1.323,1.113,4.333,1757.92,58.29,102.137
2023/4/28,37.75,1.12,16.09,230.85,2.68,4.025,6.277,130.135,1.208,1.144,1.343,1.117,4.298,1760.52,61.58,102.132
2023/5/4,37.2,1.116,15.97,225.52,2.695,4.025,6.278,130.247,1.196,1.137,1.331,1.133,4.395,1749.9,58.76,102.404
2023/5/5,36.06,1.121,16,227,2.687,4.009,6.222,130.479,1.193,1.133,1.326,1.136,4.415,1750,58.8,102.738
2023/5/8,35.92,1.136,16.12,230.81,2.724,4.054,6.261,130.415,1.206,1.152,1.344,1.134,4.368,1720.52,59.43,102.457
2023/5/9,35.95,1.115,16.57,225.83,2.706,4.019,6.204,130.463,1.199,1.152,1.345,1.14,4.377,1722,52.78,102.678
2023/5/10,36.4,1.111,16.12,232.52,2.674,3.988,6.193,130.633,1.203,1.152,1.345,1.132,4.398,1725,52.45,103.049
2023/5/11,36.27,1.104,16.06,240.4,2.668,3.983,6.174,130.811,1.199,1.165,1.352,1.142,4.394,1717.07,52.96,103.157
2023/5/12,35.45,1.108,15.62,237.98,2.631,3.932,6.114,130.74,1.193,1.172,1.353,1.169,4.365,1706.4,53.69,102.947
2023/5/15,35.36,1.129,16.08,238.29,2.68,3.995,6.182,130.81,1.195,1.169,1.353,1.168,4.382,1716.3,54.87,102.516
2023/5/16,35.45,1.125,15.89,239,2.674,3.978,6.141,130.74,1.189,1.174,1.352,1.17,4.369,1703.29,54.25,102.343
2023/5/17,35,1.123,15.82,240,2.649,3.951,6.143,130.728,1.194,1.182,1.355,1.213,4.353,1701,54.2,102.274
2023/5/18,35.53,1.119,15.73,232.4,2.645,3.95,6.153,130.688,1.21,1.201,1.373,1.29,4.345,1691,55.1,102.399
2023/5/19,35.62,1.118,15.69,230,2.634,3.944,6.158,130.774,1.224,1.23,1.394,1.396,4.33,1699.5,55,102.679
2023/5/22,35.88,1.129,15.78,230.3,2.659,3.964,6.149,130.935,1.227,1.225,1.388,1.266,4.347,1746,54.55,102.658
2023/5/23,36.68,1.111,15.61,225.42,2.617,3.907,6.084,131.26,1.223,1.233,1.394,1.201,4.33,1724.55,52.9,103
2023/5/24,36,1.097,15.33,225.25,2.577,3.854,6.038,131.183,1.205,1.215,1.381,1.193,4.352,1710.9,49.91,102.956
2023/5/25,34.95,1.078,15.1,224.09,2.565,3.845,6.02,131.02,1.196,1.233,1.38,1.194,4.335,1701,50.36,102.803
2023/5/26,35.44,1.073,15.14,220,2.563,3.85,6.073,131.014,1.19,1.241,1.379,1.186,4.31,1690.56,51.8,102.654
2023/5/29,34,1.071,14.61,217.06,2.552,3.834,6.066,131.044,1.221,1.283,1.407,1.197,4.314,1689,52.6,102.882
2023/5/30,35.16,1.071,14.43,224.99,2.541,3.838,6.099,131.15,1.201,1.291,1.413,1.201,4.3,1668.29,52.89,102.866
2023/5/31,34.86,1.047,14.02,221.17,2.5,3.802,6.092,131.218,1.183,1.287,1.402,1.192,4.365,1628.9,54.4,102.791
2023/6/1,35.9,1.055,14.2,222.9,2.505,3.81,6.102,131.326,1.185,1.286,1.404,1.202,4.362,1635.92,54.42,102.95
2023/6/2,35.91,1.092,14.52,228.44,2.548,3.863,6.154,131.148,1.198,1.3,1.412,1.223,4.375,1670.6,53.72,102.768
2023/6/5,36,1.101,14.43,219.8,2.536,3.845,6.141,131.279,1.209,1.307,1.438,1.25,4.324,1665,55.04,102.794
2023/6/6,34.9,1.096,14.16,219.28,2.523,3.808,6.027,131.328,1.201,1.31,1.433,1.275,4.357,1666.99,53.99,102.907
2023/6/7,34.72,1.112,14.29,207.3,2.522,3.796,6.031,131.453,1.206,1.311,1.44,1.247,4.363,1650.9,54.67,102.978
2023/6/8,34.55,1.117,14.46,208.01,2.547,3.828,6.018,131.393,1.2,1.282,1.433,1.224,4.338,1668,53.56,103.007
2023/6/9,32.36,1.124,14.23,212.04,2.555,3.844,6.069,131.47,1.212,1.3,1.441,1.251,4.375,1666,53.53,103.313
2023/6/12,31.75,1.126,14.16,211.95,2.555,3.848,6.087,131.544,1.217,1.317,1.453,1.269,4.378,1696,52.87,103.362
2023/6/13,33.58,1.137,14.37,213.1,2.564,3.877,6.105,131.69,1.238,1.348,1.471,1.297,4.388,1699,55.4,103.652
2023/6/14,33.37,1.127,14.26,213.4,2.563,3.877,6.112,131.785,1.236,1.353,1.476,1.305,4.363,1726.88,56,103.687
2023/6/15,33.44,1.148,14.65,230.88,2.602,3.942,6.166,131.437,1.241,1.363,1.472,1.286,4.329,1755,54.78,103.248
2023/6/16,35.14,1.163,14.86,231.1,2.625,3.979,6.209,131.158,1.255,1.373,1.484,1.289,4.359,1797.69,55.56,102.974
2023/6/19,36.15,1.154,14.73,227.88,2.593,3.949,6.201,131.196,1.255,1.372,1.484,1.275,4.366,1744,55.06,103.047
2023/6/20,36.34,1.145,14.74,228,2.581,3.942,6.198,131.222,1.245,1.371,1.487,1.274,4.374,1743.46,52.27,103.124
2023/6/21,35.16,1.126,14.3,224.91,2.554,3.887,6.073,131.36,1.246,1.384,1.487,1.298,4.356,1735.83,50.8,103.425
2023/6/26,33.84,1.108,14.01,225.17,2.526,3.843,5.972,131.439,1.231,1.36,1.482,1.256,4.354,1709,50.97,103.458
2023/6/27,34.1,1.125,14.16,223.47,2.541,3.869,6.017,131.363,1.234,1.342,1.474,1.247,4.35,1711.05,51.39,103.286
2023/6/28,33.74,1.129,14.1,224.5,2.55,3.877,6.031,131.385,1.247,1.363,1.489,1.272,4.335,1728.38,51.72,103.401
2023/6/29,33.37,1.116,14.01,222.5,2.535,3.859,6.022,131.351,1.244,1.373,1.496,1.261,4.343,1713.71,51,103.452
2023/6/30,33.11,1.117,14.2,228.79,2.542,3.882,6.095,131.529,1.241,1.373,1.503,1.263,4.349,1691,50.52,103.765
2023/7/3,33.4,1.139,14.45,229.88,2.58,3.927,6.124,131.589,1.26,1.397,1.522,1.284,4.358,1724.1,51,103.69
2023/7/4,34.59,1.139,14.45,229.25,2.584,3.934,6.138,131.567,1.249,1.394,1.516,1.267,4.364,1730.6,51.41,103.66
2023/7/5,34.27,1.128,14.24,227.51,2.569,3.907,6.107,131.756,1.238,1.391,1.515,1.264,4.367,1715.38,50.98,103.675
2023/7/6,33.88,1.107,14.1,224.85,2.55,3.879,6.072,131.799,1.227,1.392,1.512,1.25,4.365,1702.98,50,103.81
2023/7/7,33.3,1.095,14.02,222.25,2.539,3.868,6.056,131.812,1.213,1.385,1.502,1.239,4.359,1690.03,49.38,103.946
2023/7/10,34.05,1.097,14.09,228.8,2.552,3.884,6.077,131.804,1.216,1.371,1.492,1.237,4.37,1700.9,49.72,104.004
2023/7/11,34.2,1.107,14.18,229.09,2.569,3.91,6.127,131.82,1.233,1.379,1.499,1.247,4.374,1710,50.3,104.099
2023/7/12,34.29,1.112,14,226.99,2.568,3.891,6.066,131.817,1.237,1.376,1.506,1.242,4.371,1713.8,48.38,103.97
2023/7/13,34.88,1.139,14.49,230,2.609,3.954,6.15,131.799,1.256,1.4,1.516,1.271,4.408,1738.4,49.2,103.901
2023/7/14,34.65,1.139,14.41,228.28,2.609,3.952,6.126,131.758,1.263,1.403,1.513,1.259,4.388,1753,49.46,103.841
2023/7/17,34.21,1.127,14.24,225.65,2.584,3.924,6.111,131.85,1.27,1.411,1.521,1.262,4.406,1729.97,48.77,104.043
2023/7/18,34.07,1.121,14.31,225.5,2.581,3.918,6.102,131.932,1.273,1.43,1.528,1.268,4.422,1722.8,49.7,104.036
2023/7/19,34.29,1.124,14.37,219.5,2.59,3.916,6.093,131.966,1.289,1.458,1.552,1.289,4.473,1723,49.15,104.038
2023/7/20,33.82,1.117,14.22,221.05,2.576,3.888,6.027,131.963,1.269,1.445,1.541,1.26,4.47,1724,49.29,104.177
2023/7/21,33.42,1.122,14.21,221.59,2.586,3.89,6.03,132.096,1.268,1.419,1.536,1.247,4.453,1771.3,49,104.497
2023/7/24,32.95,1.101,14.09,218.98,2.573,3.873,6.02,132.132,1.268,1.425,1.541,1.258,4.442,1771.15,49,104.58
2023/7/25,34.49,1.139,15.1,226.35,2.655,3.985,6.118,131.801,1.261,1.426,1.538,1.25,4.42,1828.55,49.77,103.672
2023/7/26,34.11,1.139,14.84,226.66,2.652,3.976,6.107,131.825,1.262,1.426,1.541,1.253,4.439,1828.55,50.15,103.777
2023/7/27,34.69,1.152,14.67,226.98,2.653,3.972,6.065,131.937,1.266,1.452,1.545,1.269,4.448,1838.03,49.39,104.057
2023/7/28,35.52,1.172,16.14,230.05,2.727,4.068,6.157,131.846,1.263,1.443,1.534,1.265,4.404,1897,50.26,103.725
2023/7/31,36.32,1.187,16.08,237.75,2.731,4.084,6.196,131.727,1.271,1.446,1.539,1.262,4.409,1880.58,51.36,103.559
2023/8/1,36,1.176,15.91,235.5,2.723,4.066,6.201,131.821,1.269,1.444,1.549,1.266,4.426,1889,50.72,103.861
2023/8/2,35.66,1.151,16.17,236.5,2.698,4.037,6.179,131.826,1.244,1.42,1.537,1.236,4.425,1880,50.83,104.047
2023/8/3,35.53,1.156,16.92,239.14,2.723,4.073,6.2,131.883,1.234,1.395,1.523,1.218,4.406,1878.47,50.91,104.068
2023/8/4,36.55,1.152,16.96,245.51,2.725,4.094,6.241,131.927,1.238,1.406,1.526,1.228,4.401,1893.47,51.1,104.202
2023/8/7,36.58,1.155,16.73,246.49,2.714,4.063,6.2,131.983,1.235,1.391,1.518,1.234,4.41,1887.93,49.26,104.258
2023/8/8,36.33,1.137,16.62,247.14,2.709,4.048,6.179,132.01,1.235,1.393,1.529,1.228,4.414,1890,49.47,104.233
2023/8/9,35.98,1.136,16.57,247,2.709,4.04,6.137,132.035,1.236,1.393,1.529,1.225,4.411,1890.28,48.64,104.308
2023/8/10,36.2,1.139,16.97,246.5,2.706,4.045,6.135,131.984,1.238,1.378,1.521,1.228,4.396,1875,48.47,104.288
2023/8/11,35.26,1.132,16.12,241.5,2.642,3.95,6.014,132.022,1.245,1.378,1.522,1.229,4.415,1834,46.92,104.397
2023/8/14,34.96,1.117,15.89,232.9,2.622,3.923,6.021,132.088,1.232,1.37,1.525,1.216,4.421,1803,47.34,104.54
2023/8/15,34.82,1.117,16.51,231.3,2.623,3.919,5.988,132.361,1.243,1.401,1.541,1.22,4.431,1812.98,47.52,105.059
2023/8/16,33.74,1.101,16.26,232.6,2.604,3.889,5.945,132.432,1.227,1.389,1.524,1.205,4.433,1820,47.55,105.108
2023/8/17,34.4,1.108,16.23,235.25,2.61,3.902,5.981,132.39,1.226,1.374,1.515,1.196,4.429,1828.05,48.15,104.859
2023/8/18,33.9,1.08,16.07,235.87,2.58,3.852,5.888,132.457,1.211,1.348,1.497,1.19,4.421,1802.59,48.01,105.137
2023/8/21,34.37,1.06,15.36,232.96,2.547,3.8,5.811,132.578,1.218,1.351,1.503,1.203,4.438,1791,47.68,105.82
2023/8/22,35.19,1.07,15.66,230.75,2.567,3.823,5.838,132.504,1.227,1.373,1.509,1.201,4.431,1788,48.82,105.723
2023/8/23,34.18,1.066,15.34,227.5,2.535,3.768,5.738,132.491,1.221,1.377,1.51,1.214,4.452,1774,47.89,105.848
2023/8/24,34.19,1.088,15.62,228.95,2.553,3.791,5.754,132.46,1.23,1.415,1.532,1.223,4.464,1816.3,48.62,105.949
2023/8/25,33.28,1.076,15.79,228.34,2.563,3.784,5.686,132.397,1.196,1.358,1.501,1.186,4.448,1824.98,48.3,105.775
2023/8/28,34.04,1.087,16.4,230.5,2.596,3.837,5.749,132.232,1.215,1.374,1.515,1.21,4.45,1834.97,48.55,105.601
2023/8/29,35.36,1.106,16.66,238.5,2.606,3.859,5.874,132.07,1.223,1.383,1.524,1.209,4.462,1851.33,51,105.471
2023/8/30,35.45,1.108,16.22,237.5,2.599,3.858,5.875,132.323,1.238,1.412,1.545,1.215,4.477,1856,52.94,105.52
2023/8/31,35.28,1.099,15.87,236.55,2.59,3.839,5.846,132.349,1.242,1.417,1.553,1.231,4.494,1847,54.24,105.597
2023/9/1,35.55,1.103,15.98,236.4,2.61,3.862,5.852,132.208,1.231,1.413,1.544,1.231,4.489,1851.05,53.68,105.186
2023/9/4,35.81,1.124,16.1,237.65,2.658,3.92,5.936,131.888,1.226,1.417,1.547,1.237,4.506,1866,56.9,104.594
2023/9/5,35.53,1.109,15.89,236.82,2.641,3.893,5.893,131.983,1.217,1.419,1.548,1.236,4.508,1858.7,55.63,104.661
2023/9/6,35.17,1.105,15.73,234.42,2.637,3.883,5.891,131.883,1.214,1.425,1.548,1.246,4.505,1861,56.83,104.45
2023/9/7,34.3,1.097,15.64,226.51,2.611,3.83,5.809,131.722,1.207,1.41,1.535,1.231,4.504,1838,52.12,104.415
2023/9/8,33.98,1.091,15.68,222.94,2.596,3.809,5.807,131.827,1.221,1.418,1.544,1.23,4.536,1818.5,52.5,104.541
2023/9/11,34,1.086,15.82,221.53,2.613,3.837,5.874,131.827,1.215,1.41,1.536,1.225,4.545,1822.17,52.06,104.44
2023/9/12,33.77,1.09,15.6,217.93,2.609,3.832,5.876,131.85,1.216,1.419,1.541,1.234,4.546,1819.96,51.52,104.489
2023/9/13,33.23,1.085,15.38,216.6,2.601,3.807,5.817,131.984,1.202,1.402,1.53,1.223,4.557,1819.91,50.76,104.726
2023/9/14,33.24,1.087,15.41,214.93,2.608,3.804,5.812,132.051,1.204,1.413,1.537,1.241,4.592,1818.69,50.77,105.062
2023/9/15,32.55,1.096,15.39,207.76,2.596,3.787,5.813,131.985,1.212,1.422,1.548,1.25,4.548,1781.99,51.7,104.828
2023/9/18,32.49,1.085,15.4,213.06,2.61,3.8,5.825,131.843,1.207,1.396,1.531,1.241,4.524,1829.2,49.63,104.407
2023/9/19,31.85,1.083,15.31,212.32,2.609,3.795,5.8,131.828,1.199,1.394,1.53,1.24,4.559,1826.94,49.35,104.384
2023/9/20,32.01,1.082,15.25,209.9,2.597,3.777,5.759,131.776,1.202,1.391,1.528,1.232,4.594,1824,49.34,104.204
2023/9/21,31.92,1.067,14.95,206.73,2.572,3.742,5.713,131.873,1.189,1.366,1.512,1.215,4.58,1798.39,49.5,104.417
2023/9/22,33.2,1.085,15.56,210.93,2.634,3.817,5.811,131.778,1.185,1.355,1.493,1.211,4.561,1849,51.2,104.243
2023/9/25,33.05,1.074,15.2,209.28,2.609,3.789,5.778,131.751,1.182,1.356,1.49,1.219,4.581,1832.38,51.33,103.655
2023/9/26,33.49,1.06,15.17,204.5,2.592,3.768,5.759,131.602,1.162,1.346,1.483,1.197,4.578,1816,50.06,103.309
2023/9/27,33.45,1.065,15.18,203.66,2.604,3.778,5.784,131.304,1.156,1.339,1.475,1.198,4.511,1814,50.66,103.31
2023/9/28,33.8,1.052,15.2,203.03,2.583,3.764,5.792,131.882,1.149,1.34,1.471,1.189,4.436,1798.55,51.15,103.938
2023/10/9,34.01,1.058,15.12,195.5,2.575,3.754,5.76,131.993,1.142,1.36,1.47,1.161,4.405,1777,50.72,103.913
2023/10/10,33.81,1.064,15.13,194.72,2.559,3.727,5.732,131.899,1.152,1.381,1.49,1.185,4.348,1770,50.83,103.587
2023/10/11,34.18,1.079,15.23,194.77,2.567,3.735,5.727,131.659,1.167,1.389,1.499,1.19,4.355,1778.5,54.2,103.229
2023/10/12,34.6,1.098,15.37,195.94,2.591,3.771,5.77,131.64,1.182,1.402,1.51,1.212,4.39,1786,53.69,103.237
2023/10/13,34.41,1.075,15.13,190.6,2.566,3.736,5.74,131.749,1.159,1.393,1.497,1.196,4.405,1751,54.56,103.523
2023/10/16,33.77,1.064,14.96,184.76,2.543,3.693,5.683,131.763,1.145,1.38,1.496,1.177,4.46,1729.9,53.1,103.542
2023/10/17,33.94,1.072,15.13,185.44,2.553,3.705,5.694,131.698,1.154,1.388,1.507,1.192,4.48,1726,54.4,103.317
2023/10/18,33.69,1.07,15.02,186.3,2.543,3.677,5.626,131.673,1.155,1.382,1.505,1.189,4.523,1728,54.57,103.276
2023/10/19,33.24,1.048,14.97,182.7,2.474,3.6,5.561,131.438,1.134,1.364,1.485,1.166,4.547,1630,56.03,103.108
2023/10/20,32.69,1.04,14.96,181,2.46,3.582,5.523,131.54,1.13,1.351,1.467,1.16,4.597,1645,57.1,103.212
2023/10/23,33.8,1.026,14.54,177.26,2.441,3.544,5.376,131.662,1.124,1.339,1.457,1.152,4.572,1643.98,56.79,103.474
2023/10/24,33.87,1.03,14.99,176.42,2.449,3.549,5.44,131.6,1.134,1.35,1.455,1.16,4.575,1642.95,55.05,103.19
2023/10/25,35.27,1.037,14.91,175.98,2.461,3.569,5.467,131.754,1.126,1.346,1.456,1.161,4.557,1677.5,54.68,103.191
2023/10/26,35.34,1.032,14.84,178.07,2.47,3.582,5.491,131.91,1.113,1.304,1.433,1.133,4.59,1672.23,54.89,103.181
2023/10/27,35.9,1.053,15.06,184.72,2.494,3.636,5.595,131.85,1.118,1.307,1.433,1.149,4.599,1676.71,56.98,103.185
2023/10/30,36.56,1.052,15.19,188.02,2.492,3.652,5.64,132.026,1.115,1.312,1.427,1.148,4.609,1681,58.3,103.172
2023/10/31,36.45,1.037,15.27,185.6,2.488,3.644,5.627,132.066,1.12,1.309,1.431,1.147,4.62,1684.58,57.25,103.375
2023/11/1,36.17,1.036,15.19,187.54,2.497,3.642,5.615,132.093,1.13,1.326,1.446,1.165,4.603,1780.99,58.21,103.473
2023/11/2,35.87,1.039,15.05,185.57,2.493,3.625,5.564,132.191,1.142,1.357,1.463,1.18,4.613,1779.5,57.31,103.772
2023/11/3,35.81,1.064,15.36,187.44,2.513,3.653,5.605,132.182,1.158,1.369,1.486,1.195,4.61,1811.24,57.86,103.955
2023/11/6,36.93,1.08,15.79,197.08,2.533,3.701,5.7,132.145,1.164,1.384,1.494,1.204,4.587,1812,57.3,103.906
2023/11/7,36.86,1.063,15.67,191.24,2.522,3.69,5.709,132.18,1.148,1.38,1.492,1.186,4.569,1791.17,57.55,103.741
2023/11/8,37.22,1.055,15.57,191.84,2.514,3.679,5.705,132.193,1.143,1.393,1.497,1.178,4.551,1798.34,58.31,103.846
2023/11/9,37.07,1.056,15.54,191.45,2.514,3.682,5.693,132.2,1.164,1.399,1.505,1.2,4.521,1794.11,57,103.884
2023/11/10,37.18,1.042,15.43,189.03,2.49,3.655,5.673,132.205,1.157,1.386,1.493,1.191,4.554,1775.84,54.39,104.01
2023/11/13,37.24,1.044,15.44,187.85,2.484,3.65,5.704,132.363,1.164,1.416,1.513,1.192,4.538,1764,54.24,104.216
2023/11/14,36.49,1.054,15.55,183.68,2.482,3.65,5.728,132.352,1.172,1.42,1.518,1.196,4.558,1765.27,54.65,104.002
2023/11/15,36.65,1.079,15.54,184.48,2.503,3.675,5.765,132.349,1.203,1.447,1.539,1.228,4.577,1772.93,54.32,104.035
2023/11/16,36,1.071,15.29,181.15,2.478,3.639,5.707,132.425,1.214,1.439,1.541,1.216,4.559,1760.05,53.42,104.205
2023/11/17,35.71,1.05,15.3,180.73,2.474,3.634,5.726,132.437,1.218,1.442,1.54,1.231,4.572,1753.42,53.7,104.296
2023/11/20,35.79,1.055,15.25,180.3,2.48,3.645,5.758,132.367,1.214,1.423,1.524,1.222,4.522,1762.5,53.92,104.221
2023/11/21,35.87,1.051,15.2,180.61,2.492,3.65,5.741,132.306,1.218,1.437,1.53,1.225,4.516,1790,53.61,104.176
2023/11/22,35.55,1.044,15,177,2.471,3.611,5.668,132.155,1.212,1.426,1.528,1.216,4.499,1781.51,52.64,104.103
2023/11/23,35.85,1.053,15.05,177.7,2.48,3.63,5.719,131.99,1.213,1.434,1.533,1.225,4.495,1786,53.38,103.922
2023/11/24,35.81,1.041,14.88,175,2.467,3.605,5.673,132.086,1.224,1.436,1.535,1.228,4.499,1777,54.09,103.898
2023/11/27,35.28,1.037,14.82,170.7,2.407,3.581,5.659,132.067,1.226,1.429,1.534,1.228,4.546,1763,54.61,103.79
2023/11/28,35.28,1.031,14.81,171.92,2.406,3.585,5.685,132.055,1.219,1.432,1.535,1.229,4.56,1769.04,54.55,103.999
2023/11/29,35.02,1.002,14.63,166.85,2.395,3.558,5.656,132.007,1.227,1.434,1.532,1.233,4.591,1774.71,53.7,103.962
2023/11/30,34.79,1.007,14.64,167,2.401,3.562,5.637,132.101,1.244,1.434,1.531,1.245,4.589,1791.5,53.7,104.176
2023/12/1,35.5,1.003,14.72,165.5,2.385,3.548,5.664,132.2,1.24,1.428,1.539,1.24,4.589,1760.28,54.15,104.258
2023/12/4,34.9,0.986,14.72,161.65,2.367,3.524,5.652,132.105,1.246,1.429,1.547,1.247,4.643,1750.71,53.18,104.178
2023/12/5,33.8,0.964,14.48,158.81,2.319,3.458,5.565,132.091,1.237,1.413,1.534,1.221,4.58,1709,52.39,104.275
2023/12/6,33.6,0.977,14.41,162.88,2.317,3.463,5.577,132.073,1.255,1.433,1.546,1.254,4.578,1703,51.97,104.213
2023/12/7,33.09,0.968,14.46,164.49,2.307,3.454,5.582,132.144,1.252,1.417,1.533,1.241,4.584,1700,52.67,104.276
2023/12/8,32.65,0.971,14.37,163.59,2.314,3.461,5.594,132.21,1.259,1.44,1.545,1.23,4.591,1704.92,52.55,104.347
2023/12/11,34.18,0.965,14.58,165.35,2.324,3.485,5.656,132.395,1.275,1.449,1.559,1.246,4.557,1698,53.18,104.557
2023/12/12,34.02,0.978,14.51,163.63,2.337,3.493,5.666,132.383,1.272,1.467,1.567,1.242,4.539,1709.99,54.12,104.618
2023/12/13,33.5,0.963,14.18,159.35,2.291,3.435,5.607,132.565,1.274,1.481,1.576,1.261,4.529,1660,53.75,104.82
2023/12/14,33.32,0.969,14.15,156.63,2.28,3.419,5.588,132.441,1.292,1.5,1.593,1.282,4.598,1635.9,53.1,104.983
2023/12/15,33.31,0.988,14.18,155,2.281,3.412,5.544,132.558,1.281,1.482,1.586,1.285,4.59,1645,53.6,105.278
2023/12/18,33.14,0.983,14.16,146.97,2.283,3.398,5.483,132.665,1.274,1.495,1.593,1.283,4.576,1662,53.74,105.526
2023/12/19,33.32,0.977,14.17,149,2.286,3.4,5.474,132.652,1.274,1.507,1.601,1.301,4.589,1675,54.76,105.53
2023/12/20,32.8,0.981,13.86,148.45,2.273,3.369,5.412,132.561,1.284,1.516,1.609,1.34,4.604,1649.79,54.51,105.684
2023/12/21,32.88,0.983,13.92,154.39,2.299,3.4,5.426,132.61,1.271,1.495,1.588,1.302,4.605,1670,54.57,106.221
2023/12/22,32.7,0.966,13.89,156.29,2.307,3.406,5.41,132.787,1.277,1.501,1.597,1.305,4.627,1670.65,54.79,106.543
2023/12/25,32.94,0.973,13.86,157.54,2.308,3.415,5.403,132.895,1.287,1.501,1.6,1.326,4.634,1672,53.01,107.11
2023/12/26,32.8,0.969,13.69,156.13,2.299,3.395,5.356,132.997,1.291,1.515,1.605,1.358,4.647,1670,51.85,106.354
2023/12/27,32.94,0.985,13.42,154.33,2.302,3.405,5.372,133.126,1.294,1.519,1.608,1.336,4.66,1667.06,51.91,106.185
2023/12/28,33.85,1.002,13.96,162.99,2.354,3.489,5.475,133.245,1.293,1.514,1.605,1.322,4.662,1724.99,53.13,106.162
2023/12/29,34.72,0.997,14.04,163.26,2.355,3.499,5.519,133.363,1.282,1.507,1.603,1.318,4.648,1726,53.02,106.212
2024/1/2,33.77,0.988,13.8,156.83,2.327,3.453,5.497,133.252,1.289,1.505,1.607,1.316,4.666,1685.01,52.96,106.117
2024/1/3,33.06,0.984,13.71,155.8,2.332,3.443,5.49,133.217,1.274,1.48,1.595,1.296,4.663,1694,52.48,106.084
2024/1/4,32.58,0.984,13.46,151.2,2.314,3.413,5.446,133.32,1.261,1.473,1.589,1.313,4.651,1669,51.88,106.368
2024/1/5,32.43,0.98,13.28,150.9,2.303,3.396,5.376,133.457,1.258,1.464,1.582,1.3,4.664,1663.36,50.58,106.848
